video_id,title,description,url,likes,views,comment_count,published_at,hashtags,keyword_hits
7-X8Sp7oqPc,Bank of Ceylon Trainee Staff Assistant Job Vacancies 2025 | How to Apply Step-by-Step (BOC Jobs),"How to apply BOC trainee staff assistant : https://youtu.be/41XqUV4eOQM

📢 Bank of Ceylon (BOC) has officially announced Trainee Staff Assistant job vacancies for 2025!
This is a great opportunity for school leavers, A/L qualified students, and freshers looking to start a career in banking.

Chat group link : https://t.me/+tWjxj_uNSR00MTBl
BOC career site link : https://www.boc.lk/careers

In this video, we explain:
✅ Eligibility criteria
✅ Educational qualifications required
✅ Age limit
✅ How to apply online
✅ Important application deadlines
✅ Tips to get selected

Whether you're from Colombo, Kandy, Galle, Jaffna, or any district, these island-wide vacancies are open to all qualified candidates.

🔔 Subscribe to KK Academy SL for daily job updates and government/private sector opportunities.
📩 Drop your questions in the comments – we’re here to help!

✅ Hashtags:
#BankOfCeylonJobs #BOCTraineeStaffAssistant #BOCJobs2025 #BOCRecruitment #SriLankaBankJobs #KKAcademySL #TraineeBankJobs #BOCApplicationGuide #GovtBankJobs2025 #BOCJobVacancy",https://www.youtube.com/watch?v=7-X8Sp7oqPc,528,27007,161,2025-05-10T12:49:02Z,"#BankOfCeylonJobs, #BOCTraineeStaffAssistant, #BOCJobs2025, #BOCRecruitment, #SriLankaBankJobs, #KKAcademySL, #TraineeBankJobs, #BOCApplicationGuide, #GovtBankJobs2025, #BOCJobVacancy",2
fIAz3rwdLb4,Bank of Ceylon (BOC) Job Vacancies 2025 | New Bank Job Vacancies 2025 | Trainee Staff Assistant,"Hello friends,
New Bank Job Vacancies 2025 | New Government Jobs in Sri Lanka 2025 | Rajaye rakiya | Rajaye job

👉අයදුම් කිරීම - https://www.rajayejobs.com/2025/05/trainee-staff-assistant-tsa-bank-of.html

👉Whats app Group (rajayejobs.com) - https://www.whatsapp.com/channel/0029Va4FNDmLSmba3CPPNL3o

👉Whats app Group (colombojobs.lk) - https://whatsapp.com/channel/0029VakVg7i0LKZ584tFyS0B

This Video includes,
How to apply for Bank of Ceylon (BOC) Job Vacancies 2025 
New Government Job Vacancies in Sri Lanka 2025
Trainee Staff Assistant (TSA) Job Vacancies 2025

My social media - 

රජයේ රැකියා (rajayejobs.com) :-

➤ Fb page - https://www.facebook.com/gazettejob
➤ Fb group - https://www.facebook.com/groups/gazettejob
➤ Messenger - https://m.me/j/AbbhQWcCGkiDo3xA/
➤ Telegram - https://t.me/rajayerakiya
➤ Whatsapp - ⁦https://www.whatsapp.com/channel/0029Va4FNDmLSmba3CPPNL3o

පුද්ගලික අංශයේ රැකියා (colombojobs.lk) :-

➤ Fb page - https://www.facebook.com/colombojob
➤ Fb group - https://www.facebook.com/groups/gazettejob
➤ Messenger - https://m.me/j/AbbwyThHiJnyc3RV/
➤ Telegram - https://t.me/colombojob
➤ Whatsapp - ⁦https://whatsapp.com/channel/0029VakVg7i0LKZ584tFyS0B

#Jobs #bank  #internship

Keywords -
Jobs, Vacancy, Bank of Ceylon (BOC) Jobs,BOC Jobs, Trainee Staff Assistant (TSA), Ministry of Finance, Bank jobs, Banking Assistant, New Jobs, Jobs in Sri Lanka, Banking Associate, Bank Internship vacancies, Online application 2025, Commercial bank, Sampath bank, NDB bank, Dfcc Bank Government job application 2025, Driver Jobs, Hospital jobs, New job vacancies 2025, Management Assistants, රජයේ රැකියා, rajaye rakiya, Rajayejobs, karyala sahayaka, management assistant exam past papers in Sinhala, petroleum vacancies 2025, Management Assistant job vacancies",https://www.youtube.com/watch?v=fIAz3rwdLb4,364,32184,76,2025-05-14T12:29:16Z,"#Jobs, #bank, #internship",2
Ta83I8rl7bs,BOC B App / How To Setup BOC B App In Your Mobile Phone,"how to setup boc mobile banking app and how to use boc b app

#howto 
#setup
#bocbapp",https://www.youtube.com/watch?v=Ta83I8rl7bs,5021,437753,316,2018-06-12T16:05:35Z,"#howto, #setup, #bocbapp",1
XbCQpOsTFD0,Introducing the 100 Day Investment Fixed Deposit from Bank of Ceylon,"Introducing the 100 Day Investment fixed deposit from Bank of Ceylon!
Now experience the trust and security of a state bank while obtaining an interest rate of 17.5% per annum (A.E.R. 18.67%) for your deposit.

Visit your nearest Bank of Ceylon branch or contact us on 1975 or log onto https://bit.ly/3CZiiJK for more information.

#BOC #BankersToTheNation #BOC100DayInvestment",https://www.youtube.com/watch?v=XbCQpOsTFD0,11,2192,0,2022-05-05T09:03:00Z,"#BOC, #BankersToTheNation, #BOC100DayInvestment",1
kNK0xR6Ki2E,BOC Trainee Jobs | Shan Creation | Bank Jobs | Bank of Ceylon | Government Bank Jobs,,https://www.youtube.com/watch?v=kNK0xR6Ki2E,2429,165143,52,2024-07-14T13:44:19Z,,2
2Xctw4aHt7o,Bank of Ceylon is Sri Lanka's No. 1 Brand for the ninth consecutive year!,,https://www.youtube.com/watch?v=2Xctw4aHt7o,11,2608,0,2017-05-22T09:42:20Z,,1
QQzidsBJq8o,Bank of Ceylon - 83 Years of Pride,"Celebrating 83 years of dedicated service to the nation as Sri Lanka's number one banking brand, we at Bank of Ceylon take this opportunity to greatly appreciate our loyal customers, dedicated staff as well as our other stakeholders for their unwavering support and guidance throughout our 83 years of service to the nation.

#BOC #BankersToTheNation #83YearsofPride",https://www.youtube.com/watch?v=QQzidsBJq8o,3,721,0,2022-08-01T08:26:24Z,"#BOC, #BankersToTheNation, #83YearsofPride",1
ohT_7Tx0hwU,"Bank of Ceylon, truly the No. 1 Bank in Sri Lanka",,https://www.youtube.com/watch?v=ohT_7Tx0hwU,3,271,0,2017-12-22T12:00:56Z,,1
3t6BKygob0I,Bank of Ceylon Export Circle (English),"Bank of Ceylon offers all the financial support and services you need to make your dream of conquering international markets with your export business, a reality.
Join the BOC Export Circle today and take your businesses to the world!

Visit your nearest Bank of Ceylon branch or contact our 24-hour customer service hotline on 1975 for more information.

#BOC #BankersToTheNation #BOCExportCircle #TheWorldAwaitsYou",https://www.youtube.com/watch?v=3t6BKygob0I,9,832,1,2021-09-15T07:21:14Z,"#BOC, #BankersToTheNation, #BOCExportCircle, #TheWorldAwaitsYou",1
M7Uy2dCZQFI,🇱🇰🏦Trainee Staff Assistant Job Vacancies – Bank of Ceylon (BOC) Sri Lanka | 2025 | Sinhala|Apply Now,"🏦 Trainee Staff Assistant Job Vacancies – Bank of Ceylon (BOC) Sri Lanka 🇱🇰 | Apply Now Before 2025.05.24!

📢 Join Sri Lanka’s No.1 Bank! The Bank of Ceylon (BOC) is now recruiting Trainee Staff Assistants. If you are young, energetic, and have passed both G.C.E. O/L and A/L exams in one sitting, this is your chance to begin a prestigious and permanent banking career.

🔑 Job Highlights:
✅ Position: Trainee Staff Assistant
✅ Institution: Bank of Ceylon (BOC)
✅ Age Limit: 24 years or below (as of closing date)
✅ Salary:

1st Year: Rs. 55,000/month

2nd Year: Rs. 70,000/month
✅ Closing Date: May 24, 2025
✅ Job Type: Full-Time (Leading to permanent cadre upon completion)

📚 Eligibility Criteria:
✔️ G.C.E. O/L – 6 subjects with at least 5 credit passes, including Sinhala/Tamil, Mathematics & English, in one sitting
✔️ G.C.E. A/L – 3 subjects (excluding General English, General Knowledge, and IT), in one sitting

💼 Key Attributes Required:
🔹 Strong interpersonal & communication skills
🔹 Perseverance, time management, and commitment
🔹 Ability to work flexible hours, including weekends/holidays

📝 Selection Process:
Competitive Written Exam

Paper I: General Knowledge, IQ, IT

Paper II: English Language

Interview for shortlisted candidates

📩 How to Apply:
🔗 Apply only through the official website: www.boc.lk under the “Careers” tab before 24.05.2025
⚠️ Apply for only one province or your application will be disqualified
📎 Keep your “Application Reference Number” safe after submission
📎Advertisement and Instructions link : https://drive.google.com/file/d/1iNhMjbCVYR6hH1gX7PNbiXJ-wjsxHPL7/view?usp=sharing  

🚀 Start your banking career with Bank of Ceylon – Apply Now!

📢 Join the Conversation:
Connect with us on social media for more tips and updates:

🔔Face book page link :- https://www.facebook.com/profile.php?id=100076366988755
🔔whatsapp channel link :- https://whatsapp.com/channel/0029VaCXqayHAdNSSupVc70M

🌟 Welcome to IQ School - IQ ඉස්කෝලේ | Your Guide to Job Opportunities and Professional Courses!

👉 Are you a job seeker looking for the latest job vacancies and tips on how to apply? Or perhaps you're interested in discovering professional courses to boost your qualifications? You've come to the right place! On this channel, we provide comprehensive information and guidance to help you navigate the job market and enhance your career prospects.

📋 What We Offer:

🔍 Job Vacancies: Stay updated with the latest job openings across various sectors in Sri Lanka and internationally. Learn about the application process, eligibility criteria, and important deadlines.
🎓 Professional Courses: Discover a wide range of professional courses that can help you acquire the necessary skills and qualifications to succeed in your career.
📈 Career Advice: Get expert tips on resume writing, interview preparation, and career development to improve your chances of landing your dream job.
🌐 Job Market Insights: Stay informed about current trends and opportunities in the job market to make well-informed career decisions.

🚀 Stay Connected:
Subscribe to our channel and hit the notification bell to never miss an update. Join our community of job seekers and career enthusiasts to share experiences, ask questions, and support each other.


👍 Don't Forget to Like, Share, and Subscribe for More Valuable Content!",https://www.youtube.com/watch?v=M7Uy2dCZQFI,65,3431,22,2025-05-12T13:30:27Z,,2
ZxDeir7hmzM,Bank Of Ceylon Education Film by REDLIME,"Chief Creative Officer : SD Nishanka
Creative Director : Tissa Samarakoon
Film Director: Tilak Jajakody
DOP : Channa Deshapriya
Production : REDLIME Sri Lanka",https://www.youtube.com/watch?v=ZxDeir7hmzM,0,509,1,2013-01-08T06:14:47Z,,1
oJgRIOdY7c4,“A Trillion” Hat trick from Bank of Ceylon,,https://www.youtube.com/watch?v=oJgRIOdY7c4,0,195,0,2017-01-23T07:33:08Z,,1
nQGMTmYFAyE,BOC New Investment Plan | Bank of Ceylon Monthly Interest Fixed Deposits | BOC Relax,"Step into worry-free living
Perfect Investment plans that provide a comfortable monthly return to ease the cost of living

Attractive rate of interest
Fixed deposit with higher monthly return
3 deposit plans for your investment
Maximum protection for your deposits

Bank of Ceylon - BOC

#fixeddeposit #investment #deposit #investmentplan #deposit #bank #governmentbank #srilanka #interestrates 

මෙම YouTube නාලිකාව හරහා ඔබගේ වෙළඳ දැන්වීම ආදිය පළකරවා ගැනීම සදහා +94 70 413 6152 දුරකථන අංකය ඔස්සේ WhatsApp මාර්ගයෙන් සම්බන්ධ වන්න. 

To post your advertisement etc. through this YouTube channel, contact via WhatsApp on +94 70 413 6152 phone number.

இந்த YouTube சேனல் மூலம் உங்கள் விளம்பரம் போன்றவற்றை இடுகையிட, +94 70 413 6152 தொலைபேசி எண்ணில் WhatsApp மூலம் தொடர்பு கொள்ளவும்.

UD's Business Website https://udsbusiness.blogspot.com/

Thank you for watching..! #udsbusiness",https://www.youtube.com/watch?v=nQGMTmYFAyE,2635,229985,302,2022-10-14T11:33:51Z,"#fixeddeposit, #investment, #deposit, #investmentplan, #deposit, #bank, #governmentbank, #srilanka, #interestrates, #udsbusiness",2
9Zu5AHk6xbc,🇱🇰🏦Defense Assistant Job Vacancies – Bank of Ceylon (BOC) Sri Lanka | 2025 | Sinhala,"🏦 Defense Assistant Job Vacancies – Bank of Ceylon (BOC) Sri Lanka 🇱🇰 | Apply Now!

📢 Exciting Career Opportunity at Bank of Ceylon! The Bank of Ceylon (BOC) is now hiring Defense Assistants. If you are seeking a stable and prestigious banking job, this is your chance to join one of Sri Lanka’s leading banks.

Bank of Ceylon Link: https://www.boc.lk

🔑 Job Details:
✅ Position: Defense Assistant
✅ Bank: Bank of Ceylon (BOC)
✅ Salary: Up to LKR 50,000.00 per month 💰
✅ Age Limit: Below 35 years
✅ Closing Date: May 03, 2025
✅ Employment Type: Permanent / Full-time

📚 Minimum Qualifications:
Educational qualifications as specified in the official job notice

Preference for candidates with relevant skills and experience

💼 Why Join BOC?
✔️ Work in Sri Lanka’s No.1 trusted banking institution
✔️ Attractive salary and benefits package
✔️ Long-term career growth opportunities
✔️ EPF, ETF, and additional banking sector allowances

📩 How to Apply:
Submit your completed application before May 3, 2025

Follow the guidelines provided in the official BOC recruitment notification

🚀 Secure your future with Bank of Ceylon! Apply now and build a successful career in banking!

📢 Join the Conversation:
Connect with us on social media for more tips and updates:

🔔Face book page link :- https://www.facebook.com/profile.php?id=100076366988755
🔔whatsapp channel link :- https://whatsapp.com/channel/0029VaCXqayHAdNSSupVc70M

👍 Don't Forget to Like, Share, and Subscribe for More Valuable Content!

🌟 Welcome to IQ School - IQ ඉස්කෝලේ | Your Guide to Job Opportunities and Professional Courses!

👉 Are you a job seeker looking for the latest job vacancies and tips on how to apply? Or perhaps you're interested in discovering professional courses to boost your qualifications? You've come to the right place! On this channel, we provide comprehensive information and guidance to help you navigate the job market and enhance your career prospects.

📋 What We Offer:

🔍 Job Vacancies: Stay updated with the latest job openings across various sectors in Sri Lanka and internationally. Learn about the application process, eligibility criteria, and important deadlines.
🎓 Professional Courses: Discover a wide range of professional courses that can help you acquire the necessary skills and qualifications to succeed in your career.
📈 Career Advice: Get expert tips on resume writing, interview preparation, and career development to improve your chances of landing your dream job.
🌐 Job Market Insights: Stay informed about current trends and opportunities in the job market to make well-informed career decisions.

🚀 Stay Connected:
Subscribe to our channel and hit the notification bell to never miss an update. Join our community of job seekers and career enthusiasts to share experiences, ask questions, and support each other.",https://www.youtube.com/watch?v=9Zu5AHk6xbc,23,1714,4,2025-04-27T13:30:11Z,,2
s-jjNgMFNmQ,Vacancies in Bank of Ceylon | Best Bank Jobs,"The bank of ceylon have started Aug., 1939. It is one of the best government bank in Sri Lanka. These bank have a lot of branches and big career staff. There are a lot of vacancies every year. All vacancies are published in news papers. You can check bank of ceylon vacancies at
http://web.boc.lk/careers.html
Seylan bank is similar to bank of ceylon. While seylan bank represent public bank, bank of ceylon represent government bank. You can check seylan bank vacancies at
https://suhada-maru.blogspot.com/2017/11/seylan-bank-vacancies.html
Seylan bank and bank of ceylon are leading banks in Sri Lanka. We wish to success for both bank
By Seylan Bank Vacancies team !!!!",https://www.youtube.com/watch?v=s-jjNgMFNmQ,0,224,0,2018-05-21T02:47:42Z,,1
4itbdZ9IAkE,BOC B-app Instructional video (Tamil),,https://www.youtube.com/watch?v=4itbdZ9IAkE,1301,78125,34,2018-10-16T10:10:16Z,,1
NmSlNnrhOg0,Bank of Ceylon Trainee Staff Assistant Job Vacancies 2025 #shorts,"Open Competitive Examination for Recruitment to the Post of Trainee Staff Assistant in the Bank of Ceylon (BOC Bank) 2025

* Posts of Trainee Staff Assistant

* Qualification: GCE A/L
* Location: Islandwide
* Permanent Job after 2 Years Training
* Monthly Allowance: Rs.55,000.00 (1st Year) and Rs.70,000.00 (2nd Year) during the Training Period
* Closing Date: 2025.05.24

Details:
https://www.1plusinfo.lk/2025/05/1003.html

 #BankOfCeylonJobs #BOCTraineeStaffAssistant #BOCJobs2025 #BankOfCeylonJobs #BOCTraineeStaffAssistant #BOCJobs2025 #BOCRecruitment #SriLankaBankJobs #KKAcademySL #TraineeBankJobs #BOCApplicationGuide #GovtBankJobs2025 #BOCJobVacancy #shorts #fyp",https://www.youtube.com/watch?v=NmSlNnrhOg0,24,2792,9,2025-05-10T16:13:13Z,"#BankOfCeylonJobs, #BOCTraineeStaffAssistant, #BOCJobs2025, #BankOfCeylonJobs, #BOCTraineeStaffAssistant, #BOCJobs2025, #BOCRecruitment, #SriLankaBankJobs, #KKAcademySL, #TraineeBankJobs, #BOCApplicationGuide, #GovtBankJobs2025, #BOCJobVacancy, #shorts, #fyp",2
_Zj5nAWebE0,Make your dream home a reality with the Bank of Ceylon Housing Loan Scheme.,"Make your dream home a reality with the Bank of Ceylon Housing Loan Scheme.
Benefit from a streamlined approval process within 14 working days and enjoy attractive annual interest rates starting from 10%.

For more details, visit your nearest Bank of Ceylon branch or click the link below:
 https://www.boc.lk/m/boc-housing-loan-scheme

Terms and conditions apply.

#BOC #BankersToTheNation #HousingLoan",https://www.youtube.com/watch?v=_Zj5nAWebE0,1,39,0,2025-05-22T09:17:19Z,"#BOC, #BankersToTheNation, #HousingLoan",1
txiuLeGESYw,কমার্শিয়াল ব্যাংক অফ সিলন নিয়োগ বিজ্ঞপ্তি ২০২৩ || Commercial Bank Of Ceylon PLC Job Circular 2023,"কমার্শিয়াল ব্যাংক অফ সিলন নিয়োগ বিজ্ঞপ্তি ২০২৩ || Commercial Bank Of Ceylon PLC Job Circular 2023

☛☛আপনি কি বেকার? আপনি কি চাকুরি খুঁজছেন?☜☜ 
এর উত্তর যদি হ্যাঁ হয়, তবে এই চ্যানেলটি আপনার জন্য। এই চ্যানেলে প্রতিদিন নতুন নতুন চাকরির নিয়োগ বিজ্ঞপ্তির আপডেট ভিডিও দেওয়া হয়। আপনি যদি বাংলাদেশের একজন চাকরিপ্রার্থী হন তাহলে আপনি এই চ্যানেলের মাধ্যমে চাকরির সব আপডেট তথ্যই পাবেন।

♣♠ ইনফোরমেশন এন্ড এপ্লিকেশন কোন নিয়োগদাতা প্রতিষ্ঠান নয়। এই চ্যানেলটি খুব সতর্কতার সাথে বিভিন্ন অনলাইন জব পোর্টাল, জাতীয় পত্রিকা এবং বাংলাদেশের বিভিন্ন অফিসিয়াল ওয়েবসাইট থেকে নিয়োগ বিজ্ঞপ্তি সংগ্রহ করে প্রকাশ করে থাকে। প্রকাশিত যেকোনো ধরণের চাকরি তথ্য/বিজ্ঞাপন বা নিয়োগ-প্রক্রিয়ার দায়-দায়িত্ব স্ব-স্ব নিয়োগকারী প্রতিষ্ঠানের। এ সংক্রান্ত কোনো অসত্য বা অসম্পূর্ন তথ্য অথবা আর্থিক লেনদেনের দায় Information & Application এই চ্যানেলের নয়। চাকরিপ্রার্থীদের এই ব্যাপারে সতর্ক হবার জন্য পরামর্শ দেওয়া হচ্ছে।♣♠ 

নিয়োগ বিজ্ঞপ্তিটি সম্পর্কে বিস্তারিত জানতে হলে ভিজিট করুনঃ- https://all-job24.blogspot.com/

তথ্য-ক্যারিয়ার-বিজনেস এবং বিশ্ব-মহাবিশ্বসহ সব খবর একসঙ্গে পেতে হলে ক্লিক করুন এখানেঃ- https://bangla24business.blogspot.com/

উদ্যোক্তা হওয়ার উপায়, পণ্য, পরিষেবা, ব্যবসা, ব্যবসা শুরুর গাইডলাইন, কাস্টমার সার্ভিস, অনলাইন বিপণন, অনলাইন মার্কেটপ্লেস, , ফ্রিল্যান্সিং তথ্য, ব্যবসায়িক ধারণা ইত্যাদি সম্পর্কে বিশদ জানতে হলে ভিজিট করুনঃ- http://www.banglabusiness.net/

🔴Subscribe and hit the notification bell 🔔to know when new videos are being released 🔴Your like, Comment and sharing will be greatly appreciated and helps this Channel grow

Thanks for Watching This Video.

 ☑️Like ☑️ Comment ☑️ Share ☑️

💫💞For Sponsorship Contact💗🌷 👉👉Mail on:-  information.application74@gmail.com",https://www.youtube.com/watch?v=txiuLeGESYw,12,748,2,2023-03-08T05:03:22Z,,1
evjcoROayHc,Bank of ceylon Special loan scheme for sustainable energy and eco-friendly products./අපේ ලෝකය,"Bank of ceylon Special loan scheme for sustainable energy and eco-friendly products./අපේ ලෝකය /Ape Lokaya 

https://www.facebook.com/profile.

https://instagram.com/shamindawickramaarchchi

tiktok.com/@shamindawickramaarchchi7

https://www.facebook.com/shaminda.wickramarchchi

Thanks for watching",https://www.youtube.com/watch?v=evjcoROayHc,339,3801,N/A,2023-10-22T17:26:04Z,,1
V7umnxaQhuI,Dr. Gamini Wickramasinghe new Chairman at Bank of Ceylon,"23-May-07, Bank of Ceylon's new Chairman assumes duties.",https://www.youtube.com/watch?v=V7umnxaQhuI,0,863,0,2007-05-26T10:04:53Z,,1
uviBLIALVus,BOC (Bank Of Ceylon) Smart Passbook in Srilanka | Video World,"BOC (Bank Of Ceylon) Smart Passbook in Srilanka | Video World
இந்த videoவில் BOC smart passbook application ஐ எவ்வாறு use பண்ணுவது என்றும் அதிலுள்ள விடயங்கள் பற்றியும் தமிழில் கூறப்பட்டுள்ளது.
மேலும்:
பல videoகளை notification வழியாக பெற்றுக்கொள்ள நமது channel ஐ subscribe செய்யுங்கள்.

BOC smart Passbook Download link: https://play.google.com/store/apps/details?id=com.boc.itdiv.smartpassbook&hl=en

follow: 
    Blogger : https://videowrd.blogspot.com/
    Twitter : https://twitter.com/videowrd
    Google+ : https://plus.google.com/111080357289463691635
    facebook: https://www.facebook.com/VideoWrd/",https://www.youtube.com/watch?v=uviBLIALVus,542,30673,46,2018-01-14T22:02:51Z,,2
1zgP-8uLgNc,BOC Foreign Currency Fixed Deposit | 2023 February | Bank of Ceylon | BOC My Sri Lanka FD Investment,"ලංකා බැංකුව විසින් හඳුන්වා දෙන ලද විශේෂ විදේශ මුදල් ස්ථාවර තැන්පතු යෝජනා ක්‍රමය
BOC My Sri Lanka - Foreign currency Fixed Deposit | Bank of Ceylon
https://boc.lk/index.php?route=product/category&path=217_392_544&desc=1

#fixeddeposit #investment #deposit #investmentplan #deposit #bank #governmentbank #srilanka #interestrates  

UD's Business Website https://udsbusiness.blogspot.com/

Thank you for watching..! #udsbusiness 

මෙම YouTube නාලිකාව හරහා ඔබගේ වෙළඳ දැන්වීම ආදිය පළකරවා ගැනීම සදහා +94 70 413 6152 දුරකථන අංකය ඔස්සේ WhatsApp මාර්ගයෙන් සම්බන්ධ වන්න. 

To post your advertisement etc. through this YouTube channel, contact via WhatsApp on +94 70 413 6152 phone number.

இந்த YouTube சேனல் மூலம் உங்கள் விளம்பரம் போன்றவற்றை இடுகையிட, +94 70 413 6152 தொலைபேசி எண்ணில் WhatsApp மூலம் தொடர்பு கொள்ளவும்.",https://www.youtube.com/watch?v=1zgP-8uLgNc,92,7017,20,2023-02-08T12:29:46Z,"#fixeddeposit, #investment, #deposit, #investmentplan, #deposit, #bank, #governmentbank, #srilanka, #interestrates, #udsbusiness",2
aQ38mek15pM,Bank of Ceylon & World Trade Center Towers in Sri Lanka #srilanka,,https://www.youtube.com/watch?v=aQ38mek15pM,5,202,0,2023-12-22T06:46:11Z,,1
NdBzn5eF7IA,Introducing the new BOC Meta Banking service,"Introducing the new BOC Meta Banking service where you can now easily engage in your banking activities through WhatsApp. You too can contact us via 011 220 4444 and experience the convenience of WhatsApp banking today! 

#BOC #BankersToTheNation #BOCMetaBanking #BOCWhatsappBanking",https://www.youtube.com/watch?v=NdBzn5eF7IA,146,16432,6,2023-05-16T04:30:13Z,"#BOC, #BankersToTheNation, #BOCMetaBanking, #BOCWhatsappBanking",1
pWyQ8N4Fm0Q,Bank of Ceylon,,https://www.youtube.com/watch?v=pWyQ8N4Fm0Q,17,4983,1,2013-05-29T11:22:04Z,,1
9GIhUE2ITpk,B o c එකට මොකද උනේ | The attack on the Bank of Ceylon,,https://www.youtube.com/watch?v=9GIhUE2ITpk,41,1583,0,2024-12-29T11:14:08Z,,1
cgtomJ_SagM,"පිට්ටු බම්බුව: BOC Tower, Colombo, Sri Lanka","BOC Tower in Colombo City! Discover the beauty of Bank of Ceylon Tower and other top attractions. Watch now!
#ceylon #srilanka #mrdhammika",https://www.youtube.com/watch?v=cgtomJ_SagM,38,2447,1,2023-08-29T02:27:31Z,"#ceylon, #srilanka, #mrdhammika",2
PaOmqPYhvkE,Double Your Investment | BOC | Bank of Ceylon,"Earn a guaranteed double return on your deposit with a ""BOC Double Your Investment"" fixed deposit and double your success.
Bank of Ceylon (BOC) - Sri Lanka’s first state-owned commercial bank.

Thank you for watching..! #udsbusiness",https://www.youtube.com/watch?v=PaOmqPYhvkE,277,15966,55,2022-08-02T16:11:58Z,#udsbusiness,2
vl5Z0KcF6k8,BOC Head Office #subscribe #bank #srilanka #modern  #architecture #visit #colombo    #travel #shorts,,https://www.youtube.com/watch?v=vl5Z0KcF6k8,20,1531,0,2023-07-06T12:30:35Z,,1
1t0Y1tzLRlI,දැක්කද පිටරට තියෙන අපේ දේ Bank of Ceylon Seychelles 🇸🇨 branch.,subscribe and join me.,https://www.youtube.com/watch?v=1t0Y1tzLRlI,7,148,0,2023-11-17T15:20:12Z,,1
zV5Nxaaqz50,Commercial Bank of Ceylon (Corporate Profile),The Commercial Bank of Ceylon (PLC) of Sri Lanka. History and about the bank,https://www.youtube.com/watch?v=zV5Nxaaqz50,34,14021,1,2010-02-08T09:04:08Z,,1
bHNEJnIAQR4,"Commercal Bank of Ceylon  PLC, Sri Lanka-  Managing Director/CEO Sivakrishnarajah Renga","Commercal Bank of Ceylon  PLC, Sri Lanka-  Managing Director/CEO Sivakrishnarajah Renga – winner of the European Quality award.

Commercial Bank is the largest private bank in  Sri Lanka and the only Sri Lankan bank amongst the Top 1000 Banks of the World for ten successive years (The Banker Magazine, UK). The Bank operates the country’s single largest ATM network with an island-wide strategically located network of Branches/Service Points. Commercial Bank operates a network of over 268 branches and over 900 ATMs in Sri Lanka. The Bank has won multiple awards as Sri Lanka’s Best Bank, Best Trade Bank, Strongest Bank, Most Respected Bank, Most Responsible Bank from a number of local and international institutions and publications over several years.",https://www.youtube.com/watch?v=bHNEJnIAQR4,1,78,N/A,2021-03-25T10:48:43Z,,1
QDbbc-b5dL0,Colombo  Bank of Ceylon Front side design 😍  #boc #colombo #ceylon_bank #bank #design #architecture,,https://www.youtube.com/watch?v=QDbbc-b5dL0,19,657,0,2024-02-20T08:11:12Z,,2
4eHjBY0VLPU,Happy New year from Bank of Ceylon !,"Happy New Year! May 2025 bring abundant success, boundless happiness, and endless opportunities your way. Here’s to a bright and prosperous year ahead! 

#BOC #BankersToTheNation #2025NewYear",https://www.youtube.com/watch?v=4eHjBY0VLPU,7,218,0,2024-12-31T23:34:47Z,"#BOC, #BankersToTheNation, #2025NewYear",1
0O2YIEAkJQU,BANK OF CEYLON CORPORATE TALENT SHOW - e,via YouTube Capture,https://www.youtube.com/watch?v=0O2YIEAkJQU,3,680,0,2015-08-28T15:05:53Z,,1
ChK_xq8vDCA,BANK OF CEYLON INGIRIYA BRANCH RELOCATION | ඉංගිරිය,"Bank of Ceylon Ingiriya Branch have moved to a newly build spacious building in the heart of the Ingiriya town on the 26th Day of May 2020. 
Special Thanks goes to:
Corporate Management
Province Management
Manager and all the Staff
Security Officers
All the co workers
and the Owner of the building Mr. Sunil Samararachchi",https://www.youtube.com/watch?v=ChK_xq8vDCA,13,499,2,2020-05-31T15:47:19Z,,1
Ho_I3ecQlBs,🔥 Bank of Ceylon Job Vacancies 2025 | Apply Now for BOC Jobs in Sri Lanka! 🇱🇰,"📢 Bank of Ceylon Job Vacancies 2025 – Apply Now! 💼

Are you looking for a stable and rewarding career in the banking sector? Bank of Ceylon (BOC) has announced the latest job vacancies for 2025, offering opportunities for both freshers and experienced candidates! Don't miss this chance to work in one of Sri Lanka’s largest and most prestigious banks.

🚀 Subscribe to KK Academy SL for the latest banking job vacancies, finance jobs, and career advice in Sri Lanka!

#BOCJobs #BankOfCeylon #SriLankaJobs #BankingVacancies #JobVacancies #FinanceJobs #BOCCareers #SriLankaBankJobs #BOCRecruitment



Link to apply : https://www.boc.lk/careers#trainee-assistant-legal-officer",https://www.youtube.com/watch?v=Ho_I3ecQlBs,110,10097,9,2025-02-10T01:20:22Z,"#BOCJobs, #BankOfCeylon, #SriLankaJobs, #BankingVacancies, #JobVacancies, #FinanceJobs, #BOCCareers, #SriLankaBankJobs, #BOCRecruitment, #trainee-assistant-legal-officer",2
BhDbTDXM0OQ,Bank of Ceylon - 83 Years of Pride (Tamil),"தேசத்துக்காக அர்ப்பணிப்புடன் ஆற்றிவரும் சேவையின் 83 வருடங்களைக் கொண்டாடும் இலங்கையின் முதல்தர வங்கியியல் நாமமான இலங்கை வங்கியின் இந்த 83 ஆண்டுகால சேவையில், அசைக்க முடியாத நம்பிக்கை வைத்திருக்கும் எமது விசுவாசமான வாடிக்கையாளர்கள், அர்ப்பணிப்புள்ள ஊழியர்கள் மற்றும் எமது ஏனைய பங்குதாரர்களுக்கு இந்த சந்தர்ப்பத்தில் நன்றிகளை தெரிவித்துக்கொள்கிறோம்.

#BOC #BankersToTheNation #83YearsofPride",https://www.youtube.com/watch?v=BhDbTDXM0OQ,0,102,0,2022-08-01T08:35:37Z,"#BOC, #BankersToTheNation, #83YearsofPride",1
Fx_iXj2XE2I,BOC Smart Remit - Bank of Ceylon ලංකා බැංකුව ස්මාර්ට් රෙමිට් සේවය,"BOC Smart Remit - Bank of Ceylon ලංකා බැංකුව ස්මාර්ට් රෙමිට් සේවය
instant money transfer",https://www.youtube.com/watch?v=Fx_iXj2XE2I,1,299,0,2020-10-28T15:39:23Z,,2
13u2dPYs2N8,Commercial Bank Of Ceylon PLC ගැන සියලු තොරතුරු දැනගන්න - sinhala,"===👉 ABOUT THIS VIDEO...👇 ===================================

Commercial Bank of Ceylon PLC යනු ශ්‍රී ලංකාවේ විශාලතම පුද්ගලික බැංකුව ලෙස සැලකේ.
1920 දී Eastern Bank ලෙස ආරම්භ වූ මෙය, 1969 ජූනි25 වන දින කොමර්ෂල් බැංකු ඔෆ් සීලෝන් ලිමිටඩ් ලෙස ලියාපදිංචි කරන ලදී. 
මෙම බැංකුව ශ්‍රී ලංකාව තුළ ශාඛා 271 ක් සහ ස්වයංක්‍රීය ටෙලර් යන්ත්‍ර (ATM) 934 ක් පවත්වාගෙන යයි. 
එහි සේවා ව්‍යාප්තිය ශ්‍රී ලංකාවට පමණක් නොව, බංග්ලාදේශය, මාලදිවයින,සහ මියන්මාරය දක්වා විහිදී ඇත.

කොමර්ෂල් බැංකුවේ ප්‍රධාන කාර්යාලය කොළඹ 01, සර් රාසික් ෆාරීඩ් මාවතේ පිහිටා ඇත.
බැංකුවේ සභාපති ලෙස ෂර්හාන් මුහ්සීන් මහතා, සහ ප්‍රධාන විධායක නිලධාරී ලෙස 
සනත් මනතුංග මහතා කටයුතු කරයි
 2022 වසරේදී, බැංකුවේ මුළු ආදායම රුපියල් බිලියන280.387 ක් ලෙස වාර්තා විය.

කොමර්ෂල් බැංකුව ශ්‍රී ලංකාවේ කාන්තා පාරිභෝගිකයින් සඳහා ""අනගි කාන්තා බැංකුකරණසේවාව"" ලෙස විශේෂිත මූල්‍ය සේවා ලබා දේ.

තවද, මෙම බැංකුව ""ComBank Digital"" යන මෘදුකාංගය හරහා පාරිභෝගිකයින්ට වේගවත්,සරල, සහ ආරක්ෂිත අන්තර්ජාල බැංකුකරණ 
අත්දැකීමක් ලබා දෙයි.වැඩිම සම්මාන දිනු බැංකුවයි... 
Commercial Bank Of Ceylon PLC ගැන සියලු තොරතුරු දැනගන්න එන්න අද වීඩියෝවට..

========ඉහත විඩියෝ එකේ මතුවන ගැටලු පහළින් Comment කරන්න=========
Subscribe to My Channel Thank You

​#srilanka​ #stockmarket​ #invest​ #cse​ 

💫අපිව Subscribe කරන්න...(අරුණැල්ල) Thanks...🤗💓",https://www.youtube.com/watch?v=13u2dPYs2N8,2,89,0,2025-02-04T04:14:25Z,"#srilanka​, #stockmarket​, #invest​, #cse​",1
9OnxDeY-LLQ,Bank Of Ceylon Family Film by REDLIME,"Chief Creative Officer : Sundaram D Nishanka
Creative Director : Tissa Samarakoon
Film Director: Tilak Jajakody
DOP : Channa Deshapriya
Production : REDLIME Sri Lanka",https://www.youtube.com/watch?v=9OnxDeY-LLQ,5,1126,1,2013-01-03T11:55:30Z,,1
1CSYtun-FOc,How to Find Swift Code of Bank Of Ceylon,"Finding the Swift Code for the Bank of Ceylon (BOC) is a simple and efficient process, particularly for those conducting international transactions or needing it for financial documentation. Swift Codes, also known as BICs (Bank Identifier Codes), uniquely identify banks worldwide, ensuring accurate and secure fund transfers.

### Steps to Find the Swift Code for Bank of Ceylon:
1. **Using a Swift Code Finder Tool:**
   - Open your preferred browser and search for “Swift Code Finder.”
   - Select a reliable website from the search results.
   - In the search section, follow these steps:
     - Choose **Sri Lanka** as the country.
     - Select **Bank of Ceylon** from the list of banks.
     - Specify the branch or city, if required, to narrow down the search.
   - The tool will display the relevant Swift Code for the branch you’re searching for.

2. **Visiting the Official Bank of Ceylon Website:**
   - Navigate to the official **Bank of Ceylon** website.
   - Look under the “International Banking” or “Wire Transfers” section. Banks often list their Swift Codes for primary and branch offices there.

3. **General Swift Code for Bank of Ceylon:**
   - The general Swift Code for the Bank of Ceylon’s main branch is **BCEYLKLX**. However, specific branches may have unique codes.

4. **Contacting the Bank:**
   - For accurate information, especially for branch-specific codes, contact the Bank of Ceylon customer service or your local branch directly.

These steps apply not only to the Bank of Ceylon but also to finding Swift Codes for other banks globally.

### Timestamps:
0:00 Introduction  
0:02 Overview of Swift Codes  
0:15 Using Online Swift Code Finder Tools  
0:28 Searching by Country, Bank, and Branch  
0:47 Retrieving the Swift Code  
0:51 Verifying with Bank of Ceylon Website  
0:55 Contacting Bank of Ceylon for Assistance  
0:57 Conclusion  

### Hashtags:
#BankOfCeylon #SwiftCode #BOCBanking #InternationalBanking #WireTransfers #MoneyTransfers #HowToFindSwiftCode #FinanceTips #SecureBanking #BankingMadeEasy",https://www.youtube.com/watch?v=1CSYtun-FOc,13,1026,1,2025-01-07T11:44:32Z,"###, ###, ###, #BankOfCeylon, #SwiftCode, #BOCBanking, #InternationalBanking, #WireTransfers, #MoneyTransfers, #HowToFindSwiftCode, #FinanceTips, #SecureBanking, #BankingMadeEasy",2
1QlswW0K1a8,Bank Of Ceylon Srilanka #Shorts.#youtubeShorts.#trending.#viral#Srilanka#motion#international #time,,https://www.youtube.com/watch?v=1QlswW0K1a8,18,614,2,2024-12-16T03:07:43Z,,1
XRSdPzmnIzQ,"Bank of Ceylon Anthem,boc pensioners asso.pedurugee sendewa kotte region 08.10.2016",malakadeelakavideo..malabe,https://www.youtube.com/watch?v=XRSdPzmnIzQ,0,262,0,2016-10-08T16:30:57Z,,2
