Sentence,keybert_keyphrases
HNB FINANCE has been an immense strength to our lives HNB FINANCE has been our financial partner for over years now Therefore we have been able do business according to so enjoy the benefit of obtaining money for the business while saving As was able to get loan without any guarantors through Swashakthi Savings was able to easily get the money needed,"['hnb finance', 'swashakthi', 'according enjoy benefit', 'partner years able', 'immense strength lives']"
HNB FINANCE clinches Bronze at TAGS Awards,"['bronze tags awards', 'hnb finance clinches', 'finance clinches bronze', 'hnb', 'clinches']"
HNB FINANCE appoints Anura Pathirage to Board of Directors HNB FINANCE PLC appoints Mr Rajive Dissanayake as Chairman HNB FINANCE clinches Bronze at TAGS Awards HNB FINANCE appoints Dr Prasad Samarasinghe to Board of Directors HNB FINANCE appoints Anura Pathirage to Board of Directors HNB FINANCE PLC appoints Mr Rajive Dissanayake as Chairman HNB FINANCE clinches Bronze at TAGS Awards HNB FINANCE appoints Dr Prasad Samarasinghe to Board of Directors HNB FINANCE appoints Anura Pathirage to Board of Directors HNB FINANCE PLC appoints Mr Rajive Dissanayake as Chairman prev next,"['hnb finance appoints', 'appoints dr prasad', 'samarasinghe board directors', 'rajive dissanayake', 'bronze tags awards']"
Services That Offer You Convenience and Flexibility,"['services offer convenience', 'offer convenience flexibility', 'services', 'flexibility', 'offer']"
Success Stories Our keen focus on entrepreneurs across the country enables us to boost SME SSE communities to reach their full potential,"['keen focus entrepreneurs', 'success stories', 'sse communities reach', 'country enables boost', 'sme']"
News Updates Read our latest news and updates HNB FINANCE appoints Anura Pathirage to Board of Directors HNB FINANCE PLC appoints Mr Rajive Dissanayake as Chairman HNB FINANCE clinches Bronze at TAGS Awards HNB FINANCE appoints Dr Prasad Samarasinghe to Board of Directors HNB FINANCE appoints Anura Pathirage to Board of Directors HNB FINANCE PLC appoints Mr Rajive Dissanayake as Chairman HNB FINANCE clinches Bronze at TAGS Awards HNB FINANCE appoints Dr Prasad Samarasinghe to Board of Directors HNB FINANCE appoints Anura Pathirage to Board of Directors HNB FINANCE PLC appoints Mr Rajive Dissanayake as Chairman prev next,"['hnb finance appoints', 'appoints anura pathirage', 'rajive dissanayake', 'bronze tags awards', 'news updates read']"
HNB FINANCE appoints Dr Prasad Samarasinghe to Board of Directors,"['hnb finance appoints', 'appoints dr prasad', 'board directors', 'samarasinghe', 'finance']"
Success Stories Our keen focus on entrepreneurs across the country enables us to boost SME SSE communities to reach their full potential HNB FINANCE has been an immense strength to our lives HNB FINANCE has been our financial partner for over years now Therefore we have been able do business according to so enjoy the benefit of obtaining money for the business while saving As was able to get loan without any guarantors through Swashakthi Savings was able to easily get the money needed,"['entrepreneurs country enables', 'success stories', 'enables boost sme', 'lives hnb', 'finance financial']"
HNB FINANCE has been an immense strength to our lives HNB FINANCE has been our financial partner for over years now Therefore we have been able do business according to so,"['hnb finance immense', 'lives hnb', 'business according', 'partner years', 'strength lives']"
HNB FINANCE appoints Anura Pathirage to Board of Directors HNB FINANCE PLC appoints Mr Rajive Dissanayake as Chairman HNB FINANCE clinches Bronze at TAGS Awards HNB FINANCE appoints Dr Prasad Samarasinghe to Board of Directors HNB FINANCE appoints Anura Pathirage to Board of Directors HNB FINANCE PLC appoints Mr Rajive Dissanayake as Chairman HNB FINANCE clinches Bronze at TAGS Awards HNB FINANCE appoints Dr Prasad Samarasinghe to Board of Directors HNB FINANCE appoints Anura Pathirage to Board of Directors HNB FINANCE PLC appoints Mr Rajive Dissanayake as Chairman,"['hnb finance appoints', 'appoints dr prasad', 'samarasinghe board directors', 'rajive dissanayake', 'bronze tags awards']"
Products to Help You Grow,"['products help grow', 'help grow', 'grow', 'products', 'help']"
Sri Lanka leading integrated financial service provider HNB Finance established water purification system and renovated the Mohoththuwarama Pri,"['established water purification', 'provider hnb finance', 'renovated mohoththuwarama pri', 'sri lanka', 'leading integrated']"
HNB Finance is subsidiary of Hatton National Bank PLC and continues to operate with an unblemished record of almost two decades as leader in the finance industry with diverse portfolio of financial products and services,"['hnb finance subsidiary', 'continues operate unblemished', 'leader', 'record decades', 'products services']"
HNB FINANCE PLC appoints Mr Rajive Dissanayake as Chairman,"['dissanayake chairman', 'hnb finance plc', 'finance plc appoints', 'appoints mr rajive', 'hnb']"
HNB FINANCE has been an immense strength to our lives,"['hnb finance immense', 'hnb', 'finance', 'strength lives', 'immense']"
Services That Offer You Convenience and Flexibility HNB Finance PLC Strength Born of Strength HNB Finance is subsidiary of Hatton National Bank PLC and continues to operate with an unblemished record of almost two decades as leader in the finance industry with diverse portfolio of financial products and services Products to Help You Grow Shaping your future with products that encourage growth Success Stories Our keen focus on entrepreneurs across the country enables us to boost SME SSE communities to reach their full potential HNB FINANCE has been an immense strength to our lives HNB FINANCE has been our financial partner for over years now Therefore we have been able do business according to so enjoy the benefit of obtaining money for the business while saving As was able to get loan without any guarantors through Swashakthi Savings was able to easily get the money needed About Us pioneering financial institution fuelled by passionate team that aims to provide customer centric well diversified products and services in responsible and sustainable way Customers Employees Branches Mehewara CSR Projects The Mehewara fund is series of ongoing CSR projects that helps our customers in need The fund is maintained with the financial contribution of our dedicated employees and the organisation HNB Finance creates an oasis in Mohoththuwarama Primary School Sri Lanka leading integrated financial service provider HNB Finance established water purification system and renovated the Mohoththuwarama Pri News Updates Read our latest news and updates HNB FINANCE appoints Anura Pathirage to Board of Directors HNB FINANCE PLC appoints Mr Rajive Dissanayake as Chairman HNB FINANCE clinches Bronze at TAGS Awards HNB FINANCE appoints Dr Prasad Samarasinghe to Board of Directors HNB FINANCE appoints Anura Pathirage to Board of Directors HNB FINANCE PLC appoints Mr Rajive Dissanayake as Chairman HNB FINANCE clinches Bronze at TAGS Awards HNB FINANCE appoints Dr Prasad Samarasinghe to Board of Directors HNB FINANCE appoints Anura Pathirage to Board of Directors HNB FINANCE PLC appoints Mr Rajive Dissanayake as Chairman prev next Great Place To Work Certified TAGS Awards,"['strength hnb finance', 'unblemished record decades', 'primary school', 'creates oasis', 'appoints dr']"
Products to Help You Grow Shaping your future with products that encourage growth,"['products encourage growth', 'future products', 'help grow shaping', 'shaping future', 'help']"
HNB FINANCE has been our financial partner for over years now Therefore we have been able do business according to so,"['hnb finance financial', 'financial partner', 'partner years able', 'business according', 'able']"
HNB FINANCE appoints Anura Pathirage to Board of Directors,"['hnb finance appoints', 'finance appoints anura', 'anura pathirage', 'directors', 'board']"
enjoy the benefit of obtaining money for the business while saving As was able to get loan without any guarantors through Swashakthi Savings was able to easily get the money needed,"['swashakthi savings able', 'obtaining money business', 'able loan', 'guarantors', 'enjoy']"
Shaping your future with products that encourage growth,"['products encourage growth', 'future products', 'shaping future', 'encourage', 'shaping']"
Our keen focus on entrepreneurs across the country enables us to boost SME SSE communities to reach their full potential,"['keen focus entrepreneurs', 'sse communities reach', 'country enables boost', 'potential', 'sme']"
HNB Finance creates an oasis in Mohoththuwarama Primary School,"['hnb finance creates', 'mohoththuwarama primary school', 'primary', 'creates oasis', 'oasis mohoththuwarama']"
HNB Finance creates an oasis in Mohoththuwarama Primary School Sri Lanka leading integrated financial service provider HNB Finance established water purification system and renovated the Mohoththuwarama Pri,"['hnb finance established', 'water purification', 'mohoththuwarama primary school', 'creates oasis', 'service provider']"
HNB Finance PLC Strength Born of Strength HNB Finance is subsidiary of Hatton National Bank PLC and continues to operate with an unblemished record of almost two decades as leader in the finance industry with diverse portfolio of financial products and services,"['hnb finance subsidiary', 'strength born strength', 'industry diverse', 'continues operate', 'record decades']"
Mehewara CSR Projects The Mehewara fund is series of ongoing CSR projects that helps our customers in need The fund is maintained with the financial contribution of our dedicated employees and the organisation HNB Finance creates an oasis in Mohoththuwarama Primary School Sri Lanka leading integrated financial service provider HNB Finance established water purification system and renovated the Mohoththuwarama Pri,"['projects mehewara fund', 'series ongoing csr', 'water purification', 'service provider', 'creates oasis']"
pioneering financial institution fuelled by passionate team that aims to provide customer centric well diversified products and services in responsible and sustainable way,"['pioneering financial institution', 'responsible sustainable way', 'team aims provide', 'centric diversified products', 'fuelled passionate']"
Read our latest news and updates,"['read latest news', 'latest news updates', 'latest', 'updates', 'read']"
Mehewara CSR Projects The Mehewara fund is series of ongoing CSR projects that helps our customers in need The fund is maintained with the financial contribution of our dedicated employees and the organisation,"['projects mehewara fund', 'series ongoing csr', 'maintained financial', 'helps customers need', 'employees']"
As was able to get loan without any guarantors through Swashakthi Savings was able to easily get the money needed,"['loan guarantors swashakthi', 'swashakthi savings able', 'easily money needed', 'savings', 'able easily']"
About Us pioneering financial institution fuelled by passionate team that aims to provide customer centric well diversified products and services in responsible and sustainable way Customers Employees Branches,"['pioneering financial institution', 'customers employees branches', 'centric diversified products', 'team aims', 'fuelled passionate']"
News Updates Read our latest news and updates,"['news updates read', 'read latest news', 'updates', 'latest', 'read']"
The Mehewara fund is series of ongoing CSR projects that helps our customers in need The fund is maintained with the financial contribution of our dedicated employees and the organisation,"['mehewara fund', 'customers need fund', 'csr projects helps', 'dedicated employees organisation', 'series ongoing']"
Great Place To Work Certified TAGS Awards,"['certified tags awards', 'place work certified', 'tags', 'great place', 'work']"
About Us pioneering financial institution fuelled by passionate team that aims to provide customer centric well diversified products and services in responsible and sustainable way,"['pioneering financial institution', 'responsible sustainable way', 'team aims provide', 'centric diversified products', 'fuelled passionate']"
enjoy the benefit of obtaining money for the business while saving,"['money business saving', 'obtaining money business', 'benefit obtaining', 'business', 'enjoy']"
Great Place To Work Certified,"['place work certified', 'great place work', 'work', 'place', 'great']"
