Sentence,yake_keywords
HNB FINANCE has been an immense strength to our lives HNB FINANCE has been our financial partner for over years now Therefore we have been able do business according to so enjoy the benefit of obtaining money for the business while saving As was able to get loan without any guarantors through Swashakthi Savings was able to easily get the money needed,"['lives HNB FINANCE', 'HNB FINANCE', 'Swashakthi Savings', 'lives HNB', 'guarantors through Swashakthi', 'money needed', 'immense strength', 'financial partner', 'enjoy the benefit', 'benefit of obtaining']"
HNB FINANCE clinches Bronze at TAGS Awards,"['HNB FINANCE clinches', 'FINANCE clinches Bronze', 'HNB FINANCE', 'TAGS Awards', 'Bronze at TAGS', 'FINANCE clinches', 'clinches Bronze', 'HNB', 'Awards', 'FINANCE']"
HNB FINANCE appoints Anura Pathirage to Board of Directors HNB FINANCE PLC appoints Mr Rajive Dissanayake as Chairman HNB FINANCE clinches Bronze at TAGS Awards HNB FINANCE appoints Dr Prasad Samarasinghe to Board of Directors HNB FINANCE appoints Anura Pathirage to Board of Directors HNB FINANCE PLC appoints Mr Rajive Dissanayake as Chairman HNB FINANCE clinches Bronze at TAGS Awards HNB FINANCE appoints Dr Prasad Samarasinghe to Board of Directors HNB FINANCE appoints Anura Pathirage to Board of Directors HNB FINANCE PLC appoints Mr Rajive Dissanayake as Chairman prev next,"['Directors HNB FINANCE', 'HNB FINANCE PLC', 'HNB FINANCE appoints', 'Chairman HNB FINANCE', 'Awards HNB FINANCE', 'TAGS Awards HNB', 'FINANCE appoints Anura', 'FINANCE PLC appoints', 'HNB FINANCE clinches', 'appoints Anura Pathirage']"
Services That Offer You Convenience and Flexibility,"['Convenience and Flexibility', 'Offer You Convenience', 'Services That Offer', 'Flexibility', 'Offer', 'Convenience', 'Services']"
Success Stories Our keen focus on entrepreneurs across the country enables us to boost SME SSE communities to reach their full potential,"['boost SME SSE', 'SME SSE communities', 'SME SSE', 'Success Stories', 'Stories Our keen', 'boost SME', 'SSE communities', 'full potential', 'keen focus', 'focus on entrepreneurs']"
News Updates Read our latest news and updates HNB FINANCE appoints Anura Pathirage to Board of Directors HNB FINANCE PLC appoints Mr Rajive Dissanayake as Chairman HNB FINANCE clinches Bronze at TAGS Awards HNB FINANCE appoints Dr Prasad Samarasinghe to Board of Directors HNB FINANCE appoints Anura Pathirage to Board of Directors HNB FINANCE PLC appoints Mr Rajive Dissanayake as Chairman HNB FINANCE clinches Bronze at TAGS Awards HNB FINANCE appoints Dr Prasad Samarasinghe to Board of Directors HNB FINANCE appoints Anura Pathirage to Board of Directors HNB FINANCE PLC appoints Mr Rajive Dissanayake as Chairman prev next,"['Directors HNB FINANCE', 'HNB FINANCE PLC', 'HNB FINANCE appoints', 'Chairman HNB FINANCE', 'Awards HNB FINANCE', 'FINANCE appoints Anura', 'FINANCE PLC appoints', 'TAGS Awards HNB', 'HNB FINANCE clinches', 'appoints Anura Pathirage']"
HNB FINANCE appoints Dr Prasad Samarasinghe to Board of Directors,"['HNB FINANCE appoints', 'HNB FINANCE', 'Board of Directors', 'Prasad Samarasinghe', 'Samarasinghe to Board', 'FINANCE appoints', 'appoints Dr Prasad', 'HNB', 'Directors', 'FINANCE']"
Success Stories Our keen focus on entrepreneurs across the country enables us to boost SME SSE communities to reach their full potential HNB FINANCE has been an immense strength to our lives HNB FINANCE has been our financial partner for over years now Therefore we have been able do business according to so enjoy the benefit of obtaining money for the business while saving As was able to get loan without any guarantors through Swashakthi Savings was able to easily get the money needed,"['potential HNB FINANCE', 'lives HNB FINANCE', 'boost SME SSE', 'SME SSE communities', 'full potential HNB', 'HNB FINANCE', 'SME SSE', 'Success Stories', 'Swashakthi Savings', 'potential HNB']"
HNB FINANCE has been an immense strength to our lives HNB FINANCE has been our financial partner for over years now Therefore we have been able do business according to so,"['lives HNB FINANCE', 'HNB FINANCE', 'lives HNB', 'immense strength', 'financial partner', 'FINANCE', 'HNB', 'immense', 'strength', 'lives']"
HNB FINANCE appoints Anura Pathirage to Board of Directors HNB FINANCE PLC appoints Mr Rajive Dissanayake as Chairman HNB FINANCE clinches Bronze at TAGS Awards HNB FINANCE appoints Dr Prasad Samarasinghe to Board of Directors HNB FINANCE appoints Anura Pathirage to Board of Directors HNB FINANCE PLC appoints Mr Rajive Dissanayake as Chairman HNB FINANCE clinches Bronze at TAGS Awards HNB FINANCE appoints Dr Prasad Samarasinghe to Board of Directors HNB FINANCE appoints Anura Pathirage to Board of Directors HNB FINANCE PLC appoints Mr Rajive Dissanayake as Chairman,"['Directors HNB FINANCE', 'HNB FINANCE PLC', 'HNB FINANCE appoints', 'Chairman HNB FINANCE', 'Awards HNB FINANCE', 'TAGS Awards HNB', 'FINANCE PLC appoints', 'FINANCE appoints Anura', 'HNB FINANCE clinches', 'appoints Anura Pathirage']"
Products to Help You Grow,"['Grow', 'Products']"
Sri Lanka leading integrated financial service provider HNB Finance established water purification system and renovated the Mohoththuwarama Pri,"['provider HNB Finance', 'HNB Finance established', 'Sri Lanka leading', 'Mohoththuwarama Pri', 'Lanka leading integrated', 'service provider HNB', 'Finance established water', 'HNB Finance', 'Sri Lanka', 'leading integrated financial']"
HNB Finance is subsidiary of Hatton National Bank PLC and continues to operate with an unblemished record of almost two decades as leader in the finance industry with diverse portfolio of financial products and services,"['Hatton National Bank', 'National Bank PLC', 'Hatton National', 'National Bank', 'Bank PLC', 'HNB Finance', 'subsidiary of Hatton', 'PLC and continues', 'products and services', 'finance industry']"
HNB FINANCE PLC appoints Mr Rajive Dissanayake as Chairman,"['HNB FINANCE PLC', 'FINANCE PLC appoints', 'HNB FINANCE', 'Dissanayake as Chairman', 'FINANCE PLC', 'Rajive Dissanayake', 'PLC appoints', 'appoints Mr Rajive', 'HNB', 'Chairman']"
HNB FINANCE has been an immense strength to our lives,"['HNB FINANCE', 'HNB', 'immense strength', 'FINANCE', 'lives', 'immense', 'strength']"
Services That Offer You Convenience and Flexibility HNB Finance PLC Strength Born of Strength HNB Finance is subsidiary of Hatton National Bank PLC and continues to operate with an unblemished record of almost two decades as leader in the finance industry with diverse portfolio of financial products and services Products to Help You Grow Shaping your future with products that encourage growth Success Stories Our keen focus on entrepreneurs across the country enables us to boost SME SSE communities to reach their full potential HNB FINANCE has been an immense strength to our lives HNB FINANCE has been our financial partner for over years now Therefore we have been able do business according to so enjoy the benefit of obtaining money for the business while saving As was able to get loan without any guarantors through Swashakthi Savings was able to easily get the money needed About Us pioneering financial institution fuelled by passionate team that aims to provide customer centric well diversified products and services in responsible and sustainable way Customers Employees Branches Mehewara CSR Projects The Mehewara fund is series of ongoing CSR projects that helps our customers in need The fund is maintained with the financial contribution of our dedicated employees and the organisation HNB Finance creates an oasis in Mohoththuwarama Primary School Sri Lanka leading integrated financial service provider HNB Finance established water purification system and renovated the Mohoththuwarama Pri News Updates Read our latest news and updates HNB FINANCE appoints Anura Pathirage to Board of Directors HNB FINANCE PLC appoints Mr Rajive Dissanayake as Chairman HNB FINANCE clinches Bronze at TAGS Awards HNB FINANCE appoints Dr Prasad Samarasinghe to Board of Directors HNB FINANCE appoints Anura Pathirage to Board of Directors HNB FINANCE PLC appoints Mr Rajive Dissanayake as Chairman HNB FINANCE clinches Bronze at TAGS Awards HNB FINANCE appoints Dr Prasad Samarasinghe to Board of Directors HNB FINANCE appoints Anura Pathirage to Board of Directors HNB FINANCE PLC appoints Mr Rajive Dissanayake as Chairman prev next Great Place To Work Certified TAGS Awards,"['Directors HNB FINANCE', 'HNB Finance PLC', 'HNB FINANCE appoints', 'Awards HNB FINANCE', 'Chairman HNB FINANCE', 'FINANCE PLC appoints', 'FINANCE appoints Anura', 'TAGS Awards HNB', 'HNB FINANCE clinches', 'appoints Anura Pathirage']"
Products to Help You Grow Shaping your future with products that encourage growth,"['Grow Shaping', 'Shaping your future', 'encourage growth', 'Grow', 'Shaping', 'growth', 'future with products', 'products that encourage', 'Products', 'future']"
HNB FINANCE has been our financial partner for over years now Therefore we have been able do business according to so,"['HNB FINANCE', 'financial partner', 'HNB', 'FINANCE', 'financial', 'partner', 'years', 'business']"
HNB FINANCE appoints Anura Pathirage to Board of Directors,"['HNB FINANCE appoints', 'FINANCE appoints Anura', 'appoints Anura Pathirage', 'HNB FINANCE', 'Board of Directors', 'Anura Pathirage', 'Pathirage to Board', 'FINANCE appoints', 'appoints Anura', 'HNB']"
enjoy the benefit of obtaining money for the business while saving As was able to get loan without any guarantors through Swashakthi Savings was able to easily get the money needed,"['Swashakthi Savings', 'guarantors through Swashakthi', 'enjoy the benefit', 'money needed', 'benefit of obtaining', 'obtaining money', 'business while saving', 'Swashakthi', 'money', 'enjoy']"
Shaping your future with products that encourage growth,"['Shaping your future', 'encourage growth', 'future with products', 'products that encourage', 'Shaping', 'growth', 'future', 'products', 'encourage']"
Our keen focus on entrepreneurs across the country enables us to boost SME SSE communities to reach their full potential,"['boost SME SSE', 'SME SSE communities', 'SME SSE', 'boost SME', 'SSE communities', 'full potential', 'keen focus', 'focus on entrepreneurs', 'country enables', 'communities to reach']"
HNB Finance creates an oasis in Mohoththuwarama Primary School,"['Mohoththuwarama Primary School', 'HNB Finance creates', 'HNB Finance', 'Primary School', 'Mohoththuwarama Primary', 'Finance creates', 'oasis in Mohoththuwarama', 'HNB', 'School', 'creates an oasis']"
HNB Finance creates an oasis in Mohoththuwarama Primary School Sri Lanka leading integrated financial service provider HNB Finance established water purification system and renovated the Mohoththuwarama Pri,"['Primary School Sri', 'School Sri Lanka', 'Mohoththuwarama Primary School', 'Sri Lanka leading', 'HNB Finance creates', 'HNB Finance established', 'provider HNB Finance', 'Lanka leading integrated', 'service provider HNB', 'Finance established water']"
HNB Finance PLC Strength Born of Strength HNB Finance is subsidiary of Hatton National Bank PLC and continues to operate with an unblemished record of almost two decades as leader in the finance industry with diverse portfolio of financial products and services,"['Hatton National Bank', 'National Bank PLC', 'PLC Strength Born', 'Strength HNB Finance', 'HNB Finance PLC', 'Finance PLC Strength', 'HNB Finance', 'Hatton National', 'National Bank', 'Strength HNB']"
Mehewara CSR Projects The Mehewara fund is series of ongoing CSR projects that helps our customers in need The fund is maintained with the financial contribution of our dedicated employees and the organisation HNB Finance creates an oasis in Mohoththuwarama Primary School Sri Lanka leading integrated financial service provider HNB Finance established water purification system and renovated the Mohoththuwarama Pri,"['Primary School Sri', 'School Sri Lanka', 'Mohoththuwarama Primary School', 'organisation HNB Finance', 'HNB Finance creates', 'provider HNB Finance', 'HNB Finance established', 'Mehewara CSR Projects', 'Sri Lanka leading', 'ongoing CSR projects']"
pioneering financial institution fuelled by passionate team that aims to provide customer centric well diversified products and services in responsible and sustainable way,"['pioneering financial institution', 'financial institution fuelled', 'provide customer centric', 'pioneering financial', 'financial institution', 'institution fuelled', 'fuelled by passionate', 'passionate team', 'team that aims', 'aims to provide']"
Read our latest news and updates,"['Read our latest', 'Read', 'updates', 'latest']"
Mehewara CSR Projects The Mehewara fund is series of ongoing CSR projects that helps our customers in need The fund is maintained with the financial contribution of our dedicated employees and the organisation,"['Mehewara CSR Projects', 'ongoing CSR projects', 'CSR Projects', 'Mehewara CSR', 'ongoing CSR', 'Mehewara fund', 'fund is series', 'series of ongoing', 'fund is maintained', 'financial contribution']"
As was able to get loan without any guarantors through Swashakthi Savings was able to easily get the money needed,"['Swashakthi Savings', 'guarantors through Swashakthi', 'money needed', 'Swashakthi', 'Savings', 'needed', 'loan', 'guarantors', 'easily', 'money']"
About Us pioneering financial institution fuelled by passionate team that aims to provide customer centric well diversified products and services in responsible and sustainable way Customers Employees Branches,"['Customers Employees Branches', 'provide customer centric', 'Employees Branches', 'pioneering financial institution', 'financial institution fuelled', 'Customers Employees', 'provide customer', 'customer centric', 'pioneering financial', 'financial institution']"
News Updates Read our latest news and updates,"['Updates Read', 'Read our latest', 'Updates', 'Read', 'latest']"
The Mehewara fund is series of ongoing CSR projects that helps our customers in need The fund is maintained with the financial contribution of our dedicated employees and the organisation,"['ongoing CSR projects', 'Mehewara fund', 'ongoing CSR', 'CSR projects', 'fund is series', 'fund is maintained', 'series of ongoing', 'financial contribution', 'dedicated employees', 'fund']"
Great Place To Work Certified TAGS Awards,"['Certified TAGS Awards', 'Work Certified TAGS', 'TAGS Awards', 'Place To Work', 'Work Certified', 'Certified TAGS', 'Great Place', 'Awards', 'Place', 'Work']"
About Us pioneering financial institution fuelled by passionate team that aims to provide customer centric well diversified products and services in responsible and sustainable way,"['pioneering financial institution', 'financial institution fuelled', 'provide customer centric', 'pioneering financial', 'financial institution', 'institution fuelled', 'fuelled by passionate', 'passionate team', 'team that aims', 'aims to provide']"
enjoy the benefit of obtaining money for the business while saving,"['enjoy the benefit', 'business while saving', 'benefit of obtaining', 'obtaining money', 'enjoy', 'saving', 'benefit', 'obtaining', 'money', 'business']"
Great Place To Work Certified,"['Work Certified', 'Place To Work', 'Great Place', 'Certified', 'Place', 'Work', 'Great']"
